OBJECTID,SITE_ID,AQS_SITE_CD,SITE_NAME,SITE_AGE_YR,LAT_DD,LONG_DD,HORZ_ACC,HORZ_REF,HORZ_DATE,HORZ_ORG,HORZ_METH,HORZ_DESC,ELEVATION,ELEV_METH,ELEV_ACC,ELEV_DATUM,ELEV_ORG,ELEV_DATE,ADDR_LINE_ONE_TXT,ADDR_LINE_TWO_TXT,ADDR_CITY_NAME,ADDR_USPS_STATE_CD,ADDR_ZIP_CD,ADDR_CNTRY_NAME,AIR_TOXICS_VOC,METEOROLOGICAL,NITROGEN,PM_25,ORG_MAINT_TYPE,ORG_MAINT_NAME,OZONE,CO_SO2_H2S_TNMOC,PM10_OTHER,LEAD,CHROMIUM_VI,CAMS,SITE_LOC,AGC_ASV,CO_ASV,SO2_ASV,H2S_ASV,CANISTER_ASV,GEOID,NAME
"232856","126","482010057",Galena Park,27.5,29.734272,-95.238473,5,,"1724630400000",,GPS_OTHER,,,,,,,"1724630400000",1713 2nd Street,,Galena Park,TX,"77547",UNITED STATES OF AMERICA,"1","1","0","0",STATE AGENCY,TCEQ,"0","0","0","0","0","167",,"1","0","0","0","1","48201",Harris
"232857","154","481410054",El Paso Lower Valley,28.8,31.703868,-106.356042,5,Center of Structure/Building,"1743552000000",TCEQ,GPS_OTHER,,,,,,TCEQ,"1743552000000",8470 Plant Rd,,El Paso,TX,"79907",UNITED STATES OF AMERICA,"0","1","0","0",STATE AGENCY,TCEQ,"0","1","0","0","0","36",,"0","0","0","1","0","48141",El Paso
"232858","161","481410044",El Paso Chamizal,37,31.765706,-106.455242,5,,"1709683200000",TCEQ,GPS_OTHER,,,,,,TCEQ,"1709683200000",800 S San Marcial Street,,El Paso,TX,"79905",UNITED STATES OF AMERICA,"1","1","1","1",STATE AGENCY,TCEQ,"1","1","1","0","0","41",,"1","1","1","0","0","48141",El Paso
"232859","207","480850009",Frisco Eubanks,30.2,33.144674,-96.828797,5,,"1741132800000",TCEQ,GPS_OTHER,,,,,,TCEQ,"1741132800000",6601 Eubanks,,Frisco,TX,"75034",UNITED STATES OF AMERICA,"0","1","0","0",PRIVATE,ALS Environmental (formerly CAS),"0","0","0","1","0","1010",,"0","0","0","0","0","48085",Collin
"232860","225","480391003",Clute,51.3,29.010837,-95.397658,5,,"1694390400000",TCEQ,GPS_OTHER,,,,,,TCEQ,"1694390400000",426 Commerce Street,,Clute,TX,"77531",UNITED STATES OF AMERICA,"1","1","0","0",STATE AGENCY,TCEQ,"0","0","0","0","0","11",,"0","0","0","0","1","48039",Brazoria
"232861","231","480290052",Camp Bullis,26.7,29.632091,-98.564944,5,Center of Structure/Building,"1724025600000",TCEQ,GPS_OTHER,,,,,,TCEQ,"1724025600000",F Range (1000Yd marker off Wilderness Trail),Near Wilderness Rd,San Antonio,TX,"78257",UNITED STATES OF AMERICA,"1","1","1","0",STATE AGENCY,TCEQ,"1","0","0","0","0","58",,"1","0","0","0","0","48029",Bexar
"232862","243","482016000",Cesar Chavez,21.1,29.684372,-95.25361,5,,"1740441600000",,GPS_OTHER,,,,,,,"1740441600000",4829 A  Galveston Rd,,Houston,TX,"77017",UNITED STATES OF AMERICA,"1","1","0","0",STATE AGENCY,TCEQ,"0","0","0","0","0","1020",,"1","0","0","0","0","48201",Harris
"232863","740","482450628",SETRPC Port Arthur,20.5,29.867756,-93.951163,0.5,,"1341100800000",,GPS_OTHER,,"5",OTHER,5,OTHER,,"1341100800000",6956 James Gamble Drive,,Port Arthur,TX,"77642",UNITED STATES OF AMERICA,"0","1","1","0",PRIVATE,AECOM (formerly URS Corp),"1","1","1","0","0","628",,"0","1","1","1","0","48245",Jefferson
"232864","749","482010561",Meyer Park,20.7,30.011667,-95.5225,5,,"1139184000000",,GPS_OTHER,,"12",OTHER,,UNKNOWN,,"1139184000000",7700 Cypresswood Dr,,Houston,TX,"77379",UNITED STATES OF AMERICA,"0","0","0","0",COUNTY AGENCY,Harris County Pollution Control Services,"1","0","0","0","0","561",,"0","0","0","0","0","48201",Harris
"232865","819","480910505",City of Garden Ridge,22,29.639167,-98.298611,5,Center of Structure/Building,"1048550400000",,,,"299",OTHER,3,UNKNOWN,,"1048550400000",21340 FM 3009,,Garden Ridge,TX,"78226",UNITED STATES OF AMERICA,"1","1","1","0",PRIVATE,Weston Solutions,"1","0","0","0","0","505",,"1","0","0","0","0","48091",Comal
"232866","837","482010557",Mercer Arboretum,21.2,30.038056,-95.381111,5,,"1146009600000",,GPS_OTHER,,"12",OTHER,,UNKNOWN,,"1146009600000",22306 Aldine Westfield Road,,Houston,TX,"77338",UNITED STATES OF AMERICA,"0","0","0","0",COUNTY AGENCY,Harris County Pollution Control Services,"1","0","0","0","0","557",,"0","0","0","0","0","48201",Harris
"232867","862","480290625",Gate 9A CPS,19.9,29.292222,-98.337778,5,,"1117584000000",,,,"149",,,,,"1117584000000",12941 Cassiano Road,,San Antonio,TX,"78223",UNITED STATES OF AMERICA,"0","0","0","0",PRIVATE,Dios Dado Environmental,"0","0","1","0","0","625",,"0","0","0","0","0","48029",Bexar
"232868","912","481211032",Pilot Point,19,33.410649,-96.944595,5,Center of Facility,"1711584000000",TCEQ,GPS_OTHER,,,,,,TCEQ,"1711584000000",792 E Northside Dr,,Pilot Point,TX,"76258",UNITED STATES OF AMERICA,"0","1","0","0",STATE AGENCY,TCEQ,"1","0","0","0","0","1032",,"0","0","0","0","0","48121",Denton
"232869","947","482010673",Goodyear Houston Site #2,18.5,29.7023,-95.256697,0.5,,"1374537600000",,MAP_MAN,,"5",,1,,,"1374537600000",2000 Goodyear Dr,,Houston,TX,"77017",UNITED STATES OF AMERICA,"1","1","0","0",PRIVATE,TRC Environmental,"0","0","0","0","0","673",,"0","0","0","0","0","48201",Harris
"232870","1008","481670621",Texas City BP Logan Street (Site 3),15,29.380981,-94.93022,0.1,,"1261094400000",,GPS_OTHER,,,,,,,"1261094400000",303 Logan Street,,Texas City,TX,"77590",UNITED STATES OF AMERICA,"1","1","0","0",PRIVATE,AECOM (formerly URS Corp),"0","1","0","0","0","621",,"0","0","1","1","0","48167",Galveston
"232871","1022","484970088",Decatur Thompson,14.5,33.221721,-97.584445,5,,"1286150400000",,GPS_OTHER,,"327",OTHER,1,OTHER,,"1286150400000",301 E Thompson Street,,Decatur,TX,"76234",UNITED STATES OF AMERICA,"1","1","0","0",PRIVATE,AECOM (formerly URS Corp),"0","0","0","0","0","88",,"1","0","0","0","0","48497",Wise
"232872","1040","482091675",CAPCOG San Marcos Staples Road,13.6,29.862281,-97.928856,0.1,Center of Facility,"1314230400000",,GPS_OTHER,,"183",,0.1,OTHER,,"1314230400000",,,,,,,"0","1","0","0",PRIVATE,Weston Solutions,"1","0","0","0","0","1675",,"0","0","0","0","0","48209",Hays
"230980","1054","484531068",Austin North Interstate 35,11,30.353847,-97.691573,5,,"1629158400000",TCEQ,GPS_OTHER,,"205",OTHER,1,OTHER,TCEQ,"1629158400000",8912 N IH 35 SVRD SB,,Austin,TX,"78753",UNITED STATES OF AMERICA,"0","1","1","1",STATE AGENCY,TCEQ,"0","1","0","0","0","1068",,"0","1","0","0","0","48453",Travis
"230981","1065","482511501",Godley FM2331,11.7,32.481821,-97.526759,5,,"1367798400000",,GPS_OTHER,,,,,,,"1367798400000",12404 FM2331,,Godley,TX,"76044",UNITED STATES OF AMERICA,"1","1","0","0",PRIVATE,AECOM (formerly URS Corp),"0","0","0","0","0","1501",,"1","0","0","0","0","48251",Johnson
"230982","1074","480271045",Temple Georgia,11.5,31.122436,-97.431045,5,Center of Facility,"1708992000000",TCEQ,GPS_OTHER,,,,,,TCEQ,"1708992000000",8406 Georgia Avenue,,Temple,TX,"76502",UNITED STATES OF AMERICA,"0","1","0","1",STATE AGENCY,TCEQ,"1","0","0","0","0","1045",,"0","0","0","0","0","48027",Bell
"230983","1244","483611083",Orange 1st Street,8.5,30.153781,-93.725977,38929.2,,"1717632000000",,GPS_OTHER,,"8",OTHER,0.3,OTHER,,"1717632000000",2239 1st Street,,Orange,TX,"77632",UNITED STATES OF AMERICA,"0","1","0","0",STATE AGENCY,TCEQ,"0","1","0","0","0","1083",,"0","0","1","0","0","48361",Orange
"230984","1265","480371031",Texarkana New Boston,9,33.436223,-94.077756,5,,"1741651200000",TCEQ,GPS_OTHER,,,,,,TCEQ,"1741651200000",2700 New Boston Rd,,Texarkana,TX,"75501",UNITED STATES OF AMERICA,"0","1","0","1",STATE AGENCY,TCEQ,"0","0","0","0","0","1031",,"0","0","0","0","0","48037",Bowie
"230985","10","480290055",CPS Pecan Valley,26.1,29.407295,-98.431251,5,,"1368489600000",TCEQ,GPS_OTHER,,"189",OTHER,1,OTHER,TCEQ,"1368489600000",802 Pecan Valley Drive,,San Antonio,TX,"78220",UNITED STATES OF AMERICA,"0","1","0","0",PRIVATE,Dios Dado Environmental,"1","0","0","0","0","678",,"0","0","0","0","0","48029",Bexar
"230986","13","484393011",Arlington Municipal Airport,23.2,32.656415,-97.088571,5,,"1719187200000",TCEQ,GPS_OTHER,,"183",OTHER,0.1,OTHER,TCEQ,"1719187200000",5504 South Collins Street,,Arlington,TX,"76018",UNITED STATES OF AMERICA,"0","1","1","0",CITY AGENCY,City of Fort Worth Environmental Quality,"1","0","0","0","0","61",,"0","0","0","0","0","48439",Tarrant
"230987","24","484530021",Austin Webberville Rd,25.5,30.263211,-97.712887,5,Center of Facility,"1709251200000",TCEQ,GPS_OTHER,,"152",OTHER,1,OTHER,TCEQ,"1709251200000",2600B Webberville Rd,,Austin,TX,"78702",UNITED STATES OF AMERICA,"1","1","0","1",STATE AGENCY,TCEQ,"0","0","1","0","0","171",,"0","0","0","0","1","48453",Travis
"230988","25","484530020",Austin Audubon Society,28.1,30.483166,-97.872324,5,Center of Facility,"1740096000000",TCEQ,GPS_OTHER,,,,,,TCEQ,"1740096000000",12200 Lime Creek Rd,,Leander,TX,"78641",UNITED STATES OF AMERICA,"0","1","0","1",STATE AGENCY,TCEQ,"1","0","1","0","0","38",,"0","0","0","0","0","48453",Travis
"230989","45","484391002",Fort Worth Northwest,50.3,32.805806,-97.356522,5,,"1727136000000",,GPS_OTHER,,,,,,,"1727136000000",3317 Ross Ave,,Fort Worth,TX,"76106",UNITED STATES OF AMERICA,"1","1","1","1",STATE AGENCY,TCEQ,"1","0","0","0","0","13",,"1","0","0","0","1","48439",Tarrant
"230990","58","483970001",Rockwall Heath,24.7,32.936527,-96.459244,5,,"1740960000000",TCEQ,GPS_OTHER,,,,,,TCEQ,"1740960000000",100 E Heath St,,Rockwall,TX,"75087",UNITED STATES OF AMERICA,"0","1","0","0",CITY AGENCY,City of Dallas Ambient Air Program,"1","0","0","0","0","69",,"0","0","0","0","0","48397",Rockwall
"230991","89","482450018",Jefferson County Airport,30.5,29.94282,-94.000796,5,,"1722902400000",TCEQ,GPS_OTHER,,,,,,TCEQ,"1722902400000",End of 90th Street @ Jefferson County Airport,,Port Arthur,TX,"77640",UNITED STATES OF AMERICA,"1","1","0","0",STATE AGENCY,TCEQ,"0","0","0","0","0","1019",,"0","0","0","0","1","48245",Jefferson
"230992","91","482450014",Groves,31.6,29.961157,-93.895919,5,,"1708905600000",,GPS_OTHER,,,,,,,"1708905600000",3355 Grandview Ave & 32nd St,,Port Neches,TX,"77642",UNITED STATES OF AMERICA,"1","1","0","0",STATE AGENCY,TCEQ,"0","0","0","0","0","119",,"0","0","0","0","1","48245",Jefferson
"230993","107","482011039",Houston Deer Park #2,28.5,29.670034,-95.128506,5,,"1725494400000",TCEQ,GPS_OTHER,,,,,,TCEQ,"1725494400000",4514 1/2 Durant Street,,Deer Park,TX,"77536",UNITED STATES OF AMERICA,"1","1","1","1",INDUSTRY,TMSI,"1","1","1","0","0","35",,"1","1","1","0","1","48201",Harris
"230994","114","482010803",HRM #3 Haden Rd,32.4,29.764782,-95.178374,5,,"1684800000000",,GPS_OTHER,,,,,,,"1684800000000",1504 1/2 Haden Road,,Houston,TX,"77015",UNITED STATES OF AMERICA,"1","1","1","0",PRIVATE,AECOM (formerly URS Corp),"1","0","0","0","0","603",,"1","0","0","0","1","48201",Harris
"230995","119","482010066",Houston Westhollow,30.8,29.723316,-95.635925,5,Center of Structure/Building,"1726444800000",TCEQ,GPS_OTHER,,,,,,TCEQ,"1726444800000",3333 1/2 Hwy 6 South,,Houston,TX,"77082",UNITED STATES OF AMERICA,"0","1","0","1",CITY AGENCY,City of Houston Health Department,"1","0","0","0","0","410",,"0","0","0","0","0","48201",Harris
"230996","131","482010046",Houston North Wayside,49.3,29.828516,-95.283956,5,Other,"1738713600000",TCEQ,GPS_OTHER,,,,,,TCEQ,"1738713600000",7330 1/2 North Wayside,,Houston,TX,"77028",UNITED STATES OF AMERICA,"0","1","0","1",CITY AGENCY,City of Houston Health Department,"1","0","1","0","0","405",,"0","0","0","0","0","48201",Harris
"230997","153","481410057",Socorro Hueco,25.4,31.667549,-106.287972,5,Center of Structure/Building,"1743465600000",TCEQ,GPS_OTHER,,,,,,TCEQ,"1743465600000",320 Old Hueco Tanks Road,,El Paso,TX,"79927",UNITED STATES OF AMERICA,"1","1","0","0",STATE AGENCY,TCEQ,"1","0","1","0","0","49",,"0","0","0","0","1","48141",El Paso
"230998","167","481410029",Ivanhoe,46.3,31.785754,-106.323631,5,,"1709596800000",TCEQ,GPS_OTHER,,,,,,TCEQ,"1709596800000",10834 Ivanhoe (Ivanhoe Fire Station),,El Paso,TX,"79935",UNITED STATES OF AMERICA,"0","1","0","0",COUNTY AGENCY,City of El Paso Environmental Services Department,"1","0","1","0","0","414",,"0","0","0","0","0","48141",El Paso
"230999","239","480290032",San Antonio Northwest,43.8,29.515061,-98.620204,5,,"1730160000000",,GPS_OTHER,,,,,,,"1730160000000",6655 Bluebird Lane,,San Antonio,TX,"78240",UNITED STATES OF AMERICA,"0","1","1","1",STATE AGENCY,TCEQ,"1","0","0","0","0","23",,"0","0","0","0","0","48029",Bexar
"231000","826","481870506",Seguin Outdoor Learning Center,22,29.588611,-97.932222,5,,"1143763200000",,,,"146",OTHER,,UNKNOWN,,"1143763200000",1865 Hwy 90 East,,Seguin,TX,"78155",UNITED STATES OF AMERICA,"0","1","1","0",PRIVATE,Weston Solutions,"1","0","0","0","0","506",,"0","0","0","0","0","48187",Guadalupe
"231001","866","482011043",La Porte Airport C243,19.8,29.672041,-95.064687,5,,"1725494400000",TCEQ,GPS_OTHER,,,,,,TCEQ,"1725494400000",La Porte Airport,2434 Buchanan Street,La Porte,TX,"77571",UNITED STATES OF AMERICA,"0","1","0","0",STATE AGENCY,TCEQ,"0","0","0","0","0","243",,"0","0","0","0","0","48201",Harris
"231002","873","480612004",Isla Blanca State Park Road,19.7,26.071113,-97.15773,5,,"1730678400000",TCEQ,GPS_OTHER,,,,,,TCEQ,"1730678400000",33174 State Park Road 100,,South Padre,TX,"78597",UNITED STATES OF AMERICA,"0","1","0","1",UNIVERSITY,University of Texas Rio Grande Valley,"0","0","0","0","0","323",,"0","0","0","0","0","48061",Cameron
"231003","875","483551024",Williams Park,19.7,27.803812,-97.413743,5,,"1729036800000",TCEQ,GPS_OTHER,,,,,,TCEQ,"1729036800000",2518 Dempsey Rd,,Corpus Christi,TX,"78407",UNITED STATES OF AMERICA,"0","1","0","0",STATE AGENCY,TCEQ,"0","0","0","0","0","1024",,"0","0","0","0","0","48355",Nueces
"231004","879","482010670",TPC FTIR North,19.3,29.701944,-95.257222,5,,"1136073600000",,,,"10",OTHER,0.1,UNKNOWN,,"1136073600000",8600 Park Place Blvd,,Houston,TX,"77017",UNITED STATES OF AMERICA,"0","1","0","0",PRIVATE,IMACC,"0","0","0","0","0","670",,"0","0","0","0","0","48201",Harris
"231005","922","480290677",Old Hwy 90,18.5,29.423938,-98.580505,5,,"1737936000000",TCEQ,GPS_OTHER,,,,,,TCEQ,"1737936000000",911 Old Hwy 90 West,,San Antonio,TX,"78237",UNITED STATES OF AMERICA,"1","1","0","1",CITY AGENCY,San Antonio Metropolitan Health District,"0","0","0","0","0","677",,"0","0","0","0","1","48029",Bexar
"231006","969","482451050",Beaumont Mary,14.5,30.0715,-94.094886,38929.2,,"1717459200000",,GPS_OTHER,,"7",,0.1,,,"1717459200000",598 Craig Street,,Beaumont,TX,"77701",UNITED STATES OF AMERICA,"1","1","0","0",STATE AGENCY,TCEQ,"0","1","0","0","0","1050",,"0","0","0","1","1","48245",Jefferson
"231007","1066","483631502",Mineral Wells 23rd Street,11.6,32.818671,-98.091641,0.5,,"1372723200000",,MAP_MAN,,,,,,,"1372723200000",2000 NE 23rd Street,,Mineral Wells,TX,"76067",UNITED STATES OF AMERICA,"1","1","0","0",PRIVATE,AECOM (formerly URS Corp),"0","0","0","0","0","1502",,"0","0","0","0","1","48363",Palo Pinto
"231008","1067","484391503",Fort Worth Benbrook Lake,11.5,32.646711,-97.442658,0.5,,"1373500800000",,MAP_MAN,,,,,,,"1373500800000",7001 Lakeside Drive,,Fort Worth,TX,"76123",UNITED STATES OF AMERICA,"1","1","0","0",PRIVATE,AECOM (formerly URS Corp),"0","0","0","0","0","1503",,"1","0","0","0","0","48439",Tarrant
"232705","1069","484411509",Abilene Industrial Boulevard,11.3,32.399735,-99.74652,5,,"1555545600000",,GPS_OTHER,,,,,,,"1555545600000",,,,,,,"1","1","0","0",PRIVATE,AECOM (formerly URS Corp),"0","0","0","0","0","1509",,"0","0","0","0","1","48441",Taylor
"232706","1070","483371507",Bowie Patterson Street,11.4,33.55896,-97.829658,5,,"1381276800000",,GPS_OTHER,,,,,,,"1381276800000",1032 Patterson Street,,Bowie,TX,"76230",UNITED STATES OF AMERICA,"1","1","0","0",PRIVATE,AECOM (formerly URS Corp),"0","0","0","0","0","1507",,"0","0","0","0","1","48337",Montague
"232707","1251","480131090",Von Ormy Highway 16,4.9,29.16287,-98.589117,5,Center of Structure/Building,"1714521600000",TCEQ,GPS_OTHER,,"207",OTHER,1,OTHER,TCEQ,"1714521600000",17534 North State Highway 16,,Von Ormy,TX,"78073",UNITED STATES OF AMERICA,"0","1","0","1",STATE AGENCY,TCEQ,"0","0","0","0","0","1090",,"0","0","0","0","0","48013",Atascosa
"232708","1275","480291609",Calaveras Lake Park,7.7,29.298922,-98.303848,5,Center of Structure/Building,"1502236800000",,GPS_OTHER,,"151",OTHER,0.1,OTHER,,"1502236800000",12965 Bernhardt Road,,San Antonio,TX,"78263",UNITED STATES OF AMERICA,"0","0","0","0",PRIVATE,Dios Dado Environmental,"0","0","1","0","0","1609",,"0","0","0","0","0","48029",Bexar
"232709","1312","482091630",CAPCOG Lake Kyle Park,2,29.986848,-97.862646,5,,"1677628800000",,GPS_OTHER,,"201",OTHER,0.1,OTHER,,"1677628800000",700 Lehman Rd,,Kyle,TX,"78640",UNITED STATES OF AMERICA,"0","1","0","0",PRIVATE,Weston Solutions,"1","0","0","0","0","1630",,"0","0","0","0","0","48209",Hays
"232710","1","482090614",Dripping Springs School,22.1,30.214616,-98.083347,5,,"1282694400000",TCEQ,GPS_OTHER,,"354",OTHER,5,OTHER,TCEQ,"1282694400000",29400 Ranch Road 12,,Dripping Springs,TX,"78620",UNITED STATES OF AMERICA,"0","1","0","0",PRIVATE,Weston Solutions,"1","0","0","0","0","614",,"0","0","0","0","0","48209",Hays
"232711","18","484790017",Laredo Bridge,25.6,27.501825,-99.503006,5,Other,"1727222400000",TCEQ,GPS_OTHER,,,,,,TCEQ,"1727222400000",700 Zaragosa St,,Laredo,TX,"78040",UNITED STATES OF AMERICA,"1","1","0","0",STATE AGENCY,TCEQ,"0","0","1","0","0","66",,"0","0","0","0","1","48479",Webb
"232712","22","484690003",Victoria,36,28.836212,-97.005521,5,,"1738800000000",TCEQ,GPS_OTHER,,,,,,TCEQ,"1738800000000",106 Mockingbird Lane,,Victoria,TX,"77904",UNITED STATES OF AMERICA,"0","1","0","0",STATE AGENCY,TCEQ,"1","0","0","0","0","87",,"0","0","0","0","0","48469",Victoria
"232713","29","484530014",Austin North Hills Drive,46.3,30.354934,-97.761737,5,Center of Structure/Building,"1740009600000",TCEQ,GPS_OTHER,,,,,,TCEQ,"1740009600000",3824 North Hills Drive,,Austin,TX,"78731",UNITED STATES OF AMERICA,"0","1","1","1",STATE AGENCY,TCEQ,"1","1","0","0","0","3",,"0","0","1","0","0","48453",Travis
"232714","62","483611001",West Orange,51.3,30.085264,-93.761346,38929.2,,"1717545600000",,GPS_OTHER,,,,,,,"1717545600000",2700 Austin Ave,,West Orange,TX,"77630",UNITED STATES OF AMERICA,"0","1","1","0",STATE AGENCY,TCEQ,"1","0","0","0","0","9",,"0","0","0","0","0","48361",Orange
"232715","63","483550034",Dona Park,24.2,27.811833,-97.465706,5,,"1726012800000",,GPS_OTHER,,,,,,,"1726012800000",5707 Up River Rd,,Corpus Christi,TX,"78407",UNITED STATES OF AMERICA,"1","1","0","1",STATE AGENCY,TCEQ,"0","0","1","0","0","199",,"0","0","0","0","1","48355",Nueces
"232716","81","482570005",Kaufman,24.6,32.564969,-96.317671,5,Other,"1730160000000",TCEQ,GPS_OTHER,,,,,,TCEQ,"1730160000000",3790 S Houston St,,Kaufman,TX,"75142",UNITED STATES OF AMERICA,"0","1","1","1",STATE AGENCY,TCEQ,"1","1","0","0","0","71",,"0","0","1","0","0","48257",Kaufman
"232717","92","482450011",Port Arthur West,44.3,29.897523,-93.991081,5,,"1708473600000",,GPS_OTHER,,,,,,,"1708473600000",623 Ellias Street,,Port Arthur,TX,"77640",UNITED STATES OF AMERICA,"1","1","0","0",STATE AGENCY,TCEQ,"1","1","0","0","0","28",,"0","0","1","0","1","48245",Jefferson
"232718","133","482010029",Northwest Harris County,44.3,30.039533,-95.673909,5,,"1728259200000",TCEQ,GPS_OTHER,,,,,,TCEQ,"1728259200000",16822 Kitzman,,Tomball,TX,"77429",UNITED STATES OF AMERICA,"0","1","1","0",STATE AGENCY,TCEQ,"1","0","0","0","0","26",,"0","0","0","0","0","48201",Harris
"232719","134","482010026",Channelview,45.3,29.802723,-95.125489,5,,"1684886400000",,GPS_OTHER,,,,,,,"1684886400000",1405 Sheldon Road,,Channelview,TX,"77530",UNITED STATES OF AMERICA,"1","1","1","0",STATE AGENCY,TCEQ,"1","0","0","0","0","15",,"1","0","0","0","0","48201",Harris
"232720","146","481670005",Texas City Ball Park,27.5,29.385237,-94.931531,5,,"1694563200000",TCEQ,GPS_OTHER,,,,,,TCEQ,"1694563200000",2516 1/2 Texas Avenue,,Texas City,TX,"77590",UNITED STATES OF AMERICA,"1","1","0","0",STATE AGENCY,TCEQ,"0","1","0","0","0","147",,"0","0","1","1","1","48167",Galveston
"232721","183","481210034",Denton Airport South,27.1,33.219083,-97.196287,5,Center of Facility,"1711584000000",TCEQ,GPS_OTHER,,,,,,TCEQ,"1711584000000",Denton Airport South,,Denton,TX,"76207",UNITED STATES OF AMERICA,"1","1","1","1",STATE AGENCY,TCEQ,"1","0","0","0","0","56",,"0","0","0","0","1","48121",Denton
"232722","192","481130061",Earhart,16.3,32.785369,-96.876557,5,Other,"1730419200000",TCEQ,GPS_OTHER,,,,,,TCEQ,"1730419200000",3434 Bickers (Earhart Elem School),,Dallas,TX,"75212",UNITED STATES OF AMERICA,"0","0","0","0",CITY AGENCY,City of Dallas Ambient Air Program,"0","0","1","0","0",,,"0","0","0","0","0","48113",Dallas
"232723","193","481130069",Dallas Hinton,39.3,32.819812,-96.860155,5,Other,"1732233600000",TCEQ,GPS_OTHER,,,,,,TCEQ,"1732233600000",1415 Hinton Street,,Dallas,TX,"75235",UNITED STATES OF AMERICA,"1","1","1","1",CITY AGENCY,City of Dallas Ambient Air Program,"1","1","1","0","0","60",,"1","1","1","0","1","48113",Dallas
"232724","798","482450102",SETRPC 43 Jefferson Co Airport,16.7,29.942737,-94.000673,5,,"1722902400000",TCEQ,GPS_OTHER,,"5",OTHER,0.1,OTHER,TCEQ,"1722902400000",Jefferson County Airport,,Port Arthur,TX,"77640",UNITED STATES OF AMERICA,"0","1","1","0",PRIVATE,AECOM (formerly URS Corp),"1","0","0","0","0","643",,"0","0","0","0","0","48245",Jefferson
"232725","812","480290501",Elm Creek Elementary,22.8,29.276667,-98.724444,5,,"1143763200000",,,,"189",OTHER,,,,"1143763200000",11535  Pearsall Rd,,Atascosa,TX,"78002",UNITED STATES OF AMERICA,"0","1","0","0",PRIVATE,Weston Solutions,"1","0","0","0","0","501",,"0","0","0","0","0","48029",Bexar
"232726","863","480290626",Gate 58 CPS,19.9,29.317778,-98.331667,5,,"1117584000000",,,,"156",,,,,"1117584000000",,,,,,,"0","0","0","0",PRIVATE,Dios Dado Environmental,"0","0","1","0","0","626",,"0","0","0","0","0","48029",Bexar
"232727","915","481671034",Galveston 99th Street,18.1,29.254467,-94.861283,5,Center of Structure/Building,"1695859200000",TCEQ,GPS_OTHER,,"5",OTHER,1,OTHER,TCEQ,"1695859200000",9511 Avenue V 1/2,,Galveston,TX,"77554",UNITED STATES OF AMERICA,"0","1","1","1",STATE AGENCY,TCEQ,"1","0","0","0","0","1034",,"0","0","0","0","0","48167",Galveston
"232728","937","483091037",Waco Mazanec,18,31.65311,-97.070701,5,,"1721692800000",TCEQ,GPS_OTHER,,"143",OTHER,0.1,OTHER,TCEQ,"1721692800000",4472 Mazanec Rd,,Elm Mott,TX,"76705",UNITED STATES OF AMERICA,"0","1","0","1",PRIVATE,Weston Solutions,"1","1","0","0","0","1037",,"0","1","1","0","0","48309",McLennan
"232729","967","481410693",Van Buren,14.8,31.813348,-106.464537,5,,"1729641600000",,GPS_OTHER,,,,,,,"1729641600000",2700 Harrison Avenue,,El Paso,TX,"79930",UNITED STATES OF AMERICA,"0","1","0","0",COUNTY AGENCY,City of El Paso Environmental Services Department,"0","0","1","0","0","693",,"0","0","0","0","0","48141",El Paso
"232730","1000","482570020",Terrell Jamison Court,14.3,32.728561,-96.318552,5,Center of Structure/Building,"1730160000000",TCEQ,GPS_OTHER,,"153",,,,TCEQ,"1730160000000",8 Jamison Ct,,Terrell,TX,"75160",UNITED STATES OF AMERICA,"0","1","0","0",STATE AGENCY,TCEQ,"0","0","0","1","0","1089",,"0","0","0","0","0","48257",Kaufman
"232731","1006","481670615",Texas City BP 31st Street (Site 1),15.3,29.38145,-94.94108,5,,"1262217600000",,GPS_OTHER,,"8",,0.1,OTHER,,"1262217600000",Texas City Bp Property,,Texas City,TX,"77590",UNITED STATES OF AMERICA,"1","1","0","0",PRIVATE,AECOM (formerly URS Corp),"0","1","0","0","0","615",,"0","0","1","1","0","48167",Galveston
"232732","1052","482011066",Houston Southwest Freeway,11.2,29.721627,-95.492663,5,Center of Structure/Building,"1726531200000",TCEQ,GPS_OTHER,,,,,,TCEQ,"1726531200000",5617 Westward Avenue,,Houston,TX,"77081",UNITED STATES OF AMERICA,"0","1","1","0",STATE AGENCY,TCEQ,"0","0","0","0","0","1066",,"0","0","0","0","0","48201",Harris
"232733","1057","484971064",Rhome Seven Hills Road,12.4,33.044028,-97.486618,0.5,,"1352937600000",TCEQ,GPS_OTHER,,"246",OTHER,1,OTHER,TCEQ,"1352937600000",639 CR 4651,,Rhome,TX,"76078",UNITED STATES OF AMERICA,"1","1","0","0",PRIVATE,AECOM (formerly URS Corp),"0","0","0","0","0","1064",,"1","0","0","0","0","48497",Wise
"232734","1071","481131505",Dallas Elm Fork,11.4,32.879107,-96.913552,0.5,,"1372723200000",,GPS_OTHER,,,OTHER,,OTHER,,"1372723200000",2171 Manana Drive,,Dallas,TX,"75220",UNITED STATES OF AMERICA,"1","1","0","0",PRIVATE,AECOM (formerly URS Corp),"0","0","0","0","0","1505",,"1","0","0","0","0","48113",Dallas
"232735","1072","483671506",Weatherford Tin Top Road,11.5,32.710962,-97.791412,5,Center of Structure/Building,"1677024000000",,GPS_OTHER,,,,,,,"1677024000000",2753 Tin Top Road,,Weatherford,TX,"76087",UNITED STATES OF AMERICA,"1","1","0","0",PRIVATE,AECOM (formerly URS Corp),"0","0","0","0","0","1506",,"0","0","0","0","1","48367",Parker
"232736","1232","482451071",Port Arthur West 7th Street Gate 2,8.5,29.844118,-93.965227,5,,"1708387200000",,GPS_OTHER,,"2",OTHER,0.1,OTHER,,"1708387200000","West 7th Street, Valero Port Arthur Gate 2",,Port Arthur,TX,"77642",UNITED STATES OF AMERICA,"0","1","0","0",STATE AGENCY,TCEQ,"0","1","0","0","0","1071",,"0","0","1","0","0","48245",Jefferson
"232737","1238","483751077",Amarillo Xcel El Rancho,8.3,35.31648,-101.741754,5,,"1715644800000",TCEQ,GPS_OTHER,,"1074",OTHER,0.1,OTHER,TCEQ,"1715644800000",Folsom Rd. & El Rancho Rd.,,Amarillo,TX,"79108",UNITED STATES OF AMERICA,"0","1","0","0",STATE AGENCY,TCEQ,"0","1","0","0","0","1077",,"0","0","1","0","0","48375",Potter
"232738","1243","484011082",Tatum CR 2181d Martin Creek Lake,7.4,32.277922,-94.570851,5,,"1741824000000",TCEQ,GPS_OTHER,,,,,,TCEQ,"1741824000000",9515 County Road 2181d,,Tatum,TX,"75691",UNITED STATES OF AMERICA,"0","1","0","0",STATE AGENCY,TCEQ,"0","1","0","0","0","1082",,"0","0","1","0","0","48401",Rusk
"232739","1257","481131096",Dallas Bexar Street,3.6,32.742984,-96.753187,5,,"1677024000000",,GPS_OTHER,,,,,,,"1677024000000",5800 Bexar Street,,Dallas,TX,"75215",UNITED STATES OF AMERICA,"0","0","0","1",CITY AGENCY,City of Dallas Ambient Air Program,"0","0","1","0","0","1096",,"0","0","0","0","0","48113",Dallas
"232740","1267","484531605",St. Edwards University,9.2,30.228536,-97.754395,5,,"1451952000000",,GPS_OTHER,,,,,,,"1451952000000",3001 South Congress,,Austin,TX,"78704",UNITED STATES OF AMERICA,"0","1","0","0",PRIVATE,St. Edwards University,"1","0","0","0","0","1605",,"0","0","0","0","0","48453",Travis
"230963","4","482011015",Lynchburg Ferry,22,29.758933,-95.079338,5,Center of Facility,"1712188800000",TCEQ,GPS_OTHER,,"2",OTHER,0.1,OTHER,TCEQ,"1712188800000",4364 Independence Parkway South,,La Porte,TX,"77571",UNITED STATES OF AMERICA,"1","1","1","0",STATE AGENCY,TCEQ,"1","0","0","0","0","1015",,"1","0","0","0","1","48201",Harris
"230964","7","484790313",World Trade Bridge,22.7,27.599602,-99.533414,5,Other,"1727222400000",TCEQ,GPS_OTHER,,,,,,TCEQ,"1727222400000",Mines Road 11601 FM 1472,,Laredo,TX,"78045",UNITED STATES OF AMERICA,"0","0","0","1",STATE AGENCY,TCEQ,"0","0","0","0","0","313",,"0","0","0","0","0","48479",Webb
"230965","11","481351014",Odessa Gonzales,22.8,31.870264,-102.334753,5,,"1721088000000",,GPS_OTHER,,"884",OTHER,0.1,OTHER,,"1721088000000",2700 Disney,,Odessa,TX,"79761",UNITED STATES OF AMERICA,"0","1","0","1",PRIVATE,Weston Solutions,"0","0","0","0","0","1014",,"0","0","0","0","0","48135",Ector
"230966","64","483550032",Corpus Christi Huisache,27.7,27.804489,-97.431528,5,,"1725926400000",TCEQ,GPS_OTHER,,"6",OTHER,1,OTHER,TCEQ,"1725926400000",3810 Huisache Street,,Corpus Christi,TX,"78407",UNITED STATES OF AMERICA,"1","1","0","1",STATE AGENCY,TCEQ,"0","1","0","0","0","98",,"0","0","1","1","1","48355",Nueces
"230967","86","482450021",Port Arthur Memorial School,25.1,29.922923,-93.909,5,,"1708560000000",,GPS_OTHER,,,,,,,"1708560000000",2200 Jefferson Drive,,Port Arthur,TX,"77642",UNITED STATES OF AMERICA,"0","1","0","1",PRIVATE,AECOM (formerly URS Corp),"0","0","0","0","0","689",,"0","0","0","0","0","48245",Jefferson
"230968","90","482450017",Port Neches Avenue L,30.7,29.982499,-93.952888,5,,"1708560000000",,GPS_OTHER,,,,,,,"1708560000000",605 Avenue L,,Port Neches,TX,"77651",UNITED STATES OF AMERICA,"1","1","0","0",STATE AGENCY,TCEQ,"0","0","0","0","0","136",,"0","0","0","0","1","48245",Jefferson
"230969","96","482210001",Granbury,24.9,32.442322,-97.803556,5,,"1719360000000",TCEQ,GPS_OTHER,,,,,,TCEQ,"1719360000000",200 N Gordon Street,,Granbury,TX,"76048",UNITED STATES OF AMERICA,"0","1","0","0",STATE AGENCY,TCEQ,"1","0","0","0","0","73",,"0","0","0","0","0","48221",Hood
"230970","99","482030002",Karnack,23.8,32.669005,-94.167468,5,,"1741824000000",TCEQ,GPS_OTHER,,,,,,TCEQ,"1741824000000",Hwy 134 & Spur 449,,Karnack,TX,"75661",UNITED STATES OF AMERICA,"1","1","1","1",STATE AGENCY,TCEQ,"1","0","0","0","0","85",,"0","0","0","0","1","48203",Harrison
"230971","122","482010061",Shore Acres,26.9,29.61499,-95.018134,5,,"1724889600000",TCEQ,GPS_OTHER,,,,,,TCEQ,"1724889600000",3903 1/2 Old Highway 146,,La Porte,TX,"77571",UNITED STATES OF AMERICA,"1","1","0","0",STATE AGENCY,TCEQ,"0","0","0","0","0","145",,"0","0","0","0","1","48201",Harris
"230972","129","482010051",Houston Croquet,47.3,29.623958,-95.474342,5,Center of Structure/Building,"1726531200000",TCEQ,GPS_OTHER,,,,,,TCEQ,"1726531200000",13826 1/2 Croquet,,Houston,TX,"77085",UNITED STATES OF AMERICA,"0","1","0","0",CITY AGENCY,City of Houston Health Department,"1","1","0","0","0","409",,"0","0","1","0","0","48201",Harris
"230973","138","481830001",Longview,48.3,32.378681,-94.711803,5,,"1741824000000",TCEQ,GPS_OTHER,,,,,,TCEQ,"1741824000000",Gregg Co Airport near Longview,,Longview,TX,"75603",UNITED STATES OF AMERICA,"1","1","1","0",STATE AGENCY,TCEQ,"1","1","0","0","0","19",,"0","0","1","0","1","48183",Gregg
"230974","180","481350003",Odessa-Hays Elementary School,32.2,31.836602,-102.342031,5,,"1721001600000",,GPS_OTHER,,"878",OTHER,0.1,OTHER,,"1721001600000",Barrett & Monahans Streets,,Odessa,TX,"79761",UNITED STATES OF AMERICA,"1","1","0","0",PRIVATE,Weston Solutions,"0","0","0","0","0","47",,"0","0","0","0","1","48135",Ector
"230975","187","481130087",Dallas Redbird Airport Executive,30.3,32.676453,-96.872045,5,Other,"1730246400000",TCEQ,GPS_OTHER,,,,,,TCEQ,"1730246400000",3277 W Redbird Lane,,Dallas,TX,"75237",UNITED STATES OF AMERICA,"0","1","1","0",CITY AGENCY,City of Dallas Ambient Air Program,"1","0","0","0","0","402",,"0","0","0","0","0","48113",Dallas
"230976","307","480391016",Lake Jackson,21.8,29.043752,-95.472959,5,,"1694476800000",TCEQ,GPS_OTHER,,,,,,TCEQ,"1694476800000",109B  Brazoria Hwy 332 West,,Lake Jackson,TX,"77566",UNITED STATES OF AMERICA,"0","1","1","0",STATE AGENCY,TCEQ,"1","0","0","0","0","1016",,"0","0","0","0","0","48039",Brazoria
"230977","828","482010553",Crosby Library,21.8,29.920833,-95.068333,5,,"1054425600000",,GPS_OTHER,,"12",OTHER,,UNKNOWN,,"1054425600000",135 Hare Road,,Crosby,TX,"77532",UNITED STATES OF AMERICA,"0","0","0","0",COUNTY AGENCY,Harris County Pollution Control Services,"1","0","0","0","0","553",,"0","0","0","0","0","48201",Harris
"230978","836","482010556",La Porte Sylvan Beach,21.3,29.655278,-95.009722,5,,"1146009600000",,GPS_OTHER,,"12",OTHER,,UNKNOWN,,"1146009600000",636 Bayshore Drive,,La Porte,TX,"77571",UNITED STATES OF AMERICA,"0","0","0","0",COUNTY AGENCY,Harris County Pollution Control Services,"1","0","0","0","0","556",,"0","0","0","0","0","48201",Harris
"230979","953","481391044",Italy,17.6,32.175472,-96.870167,5,,"1728604800000",TCEQ,GPS_OTHER,,,,,,TCEQ,"1728604800000",900 FM 667 Ellis County,,Italy,TX,"76651",UNITED STATES OF AMERICA,"1","1","1","0",STATE AGENCY,TCEQ,"1","0","0","0","0","1044",,"0","0","0","0","1","48139",Ellis
"232741","1283","480211613",CAPCOG Elgin,6.1,30.347808,-97.378508,5,Center of Structure/Building,"1551052800000",,GPS_OTHER,,"580",OTHER,0.1,OTHER,,"1551052800000",900 E 2nd Street,,Elgin,TX,"78621",UNITED STATES OF AMERICA,"0","1","0","0",PRIVATE,Weston Solutions,"1","0","0","0","0","1613",,"0","0","0","0","0","48021",Bastrop
"232742","1290","484531619",CAPCOG East Austin,5.1,30.250845,-97.721277,5,,"1582243200000",,GPS_OTHER,,"130",,1,,,"1582243200000",2401 Holly Street,,Austin,,"78702",UNITED STATES OF AMERICA,"0","1","0","0",PRIVATE,Weston Solutions,"1","0","0","0","0",,,"0","0","0","0","0","48453",Travis
"232743","3","482311006",Greenville,22.1,33.153086,-96.115569,5,,"1741046400000",TCEQ,GPS_OTHER,,,,,,TCEQ,"1741046400000",824 Sayle Street,,Greenville,TX,"75401",UNITED STATES OF AMERICA,"1","1","1","0",STATE AGENCY,TCEQ,"1","0","0","0","0","1006",,"0","0","0","0","1","48231",Hunt
"232744","34","484393009",Grapevine Fairway,24.7,32.984288,-97.063706,5,Other,"1725926400000",TCEQ,GPS_OTHER,,,,,,TCEQ,"1725926400000",4100 Fairway Dr,,Grapevine,TX,"76051",UNITED STATES OF AMERICA,"1","1","1","0",STATE AGENCY,TCEQ,"1","0","0","0","0","70",,"0","0","0","0","1","48439",Tarrant
"232745","43","484391006",Haws Athletic Center,24,32.759156,-97.342298,5,,"1727136000000",,GPS_OTHER,,,,,,,"1727136000000",600 1/2 Congress St,,Fort Worth,TX,"76107",UNITED STATES OF AMERICA,"0","0","0","1",CITY AGENCY,City of Fort Worth Environmental Quality,"0","0","0","0","0","310",,"0","0","0","0","0","48439",Tarrant
"232746","110","482011034",Houston East,52.3,29.768033,-95.220574,5,,"1724803200000",,GPS_OTHER,,,,,,,"1724803200000",1262 1/2 Mae Drive,,Houston,TX,"77029",UNITED STATES OF AMERICA,"1","1","1","1",STATE AGENCY,TCEQ,"1","0","0","0","0","1",,"0","0","0","0","1","48201",Harris
"232747","127","482010055",Houston Bayland Park,27,29.695743,-95.499242,5,Center of Structure/Building,"1726617600000",TCEQ,GPS_OTHER,,,,,,TCEQ,"1726617600000",6400 Bissonnet Street,,Houston,TX,"77074",UNITED STATES OF AMERICA,"0","1","1","1",STATE AGENCY,TCEQ,"1","0","0","0","0","53",,"0","0","0","0","0","48201",Harris
"232748","145","481670004",Texas City Fire Station,53.3,29.384793,-94.931306,5,,"1694563200000",TCEQ,GPS_OTHER,,,,,,TCEQ,"1694563200000",2516 Texas Avenue,,Texas City,TX,"77590",UNITED STATES OF AMERICA,"0","0","0","0",COUNTY AGENCY,Galveston City-County Health Department,"0","0","1","0","0",,,"0","0","0","0","0","48167",Galveston
"232749","188","481130075",Dallas North #2,26.4,32.919214,-96.808486,5,Other,"1723766400000",TCEQ,GPS_OTHER,,,,,,TCEQ,"1723766400000",12532 1/2 Nuestra Drive,,Dallas,TX,"75230",UNITED STATES OF AMERICA,"0","1","1","0",CITY AGENCY,City of Dallas Ambient Air Program,"1","0","0","0","0","63",,"0","0","0","0","0","48113",Dallas
"232750","213","480850005",Frisco,32.9,33.132423,-96.786404,5,,"1741132800000",TCEQ,GPS_OTHER,,,,,,TCEQ,"1741132800000",6590 Hillcrest Road,,Frisco,TX,"75035",UNITED STATES OF AMERICA,"0","1","0","0",STATE AGENCY,TCEQ,"1","0","0","0","0","31",,"0","0","0","0","0","48085",Collin
"232751","223","480391004",Manvel Croix Park,23.6,29.520452,-95.392503,5,,"1740355200000",,GPS_OTHER,,,,,,,"1740355200000",4503 Croix Pkwy,,Manvel,TX,"77578",UNITED STATES OF AMERICA,"0","1","1","0",STATE AGENCY,TCEQ,"1","0","0","0","0","84",,"0","0","0","0","0","48039",Brazoria
"232752","228","480290060",Frank Wing Municipal Court,24.9,29.422197,-98.505425,5,,"1737936000000",TCEQ,GPS_OTHER,,,,,,TCEQ,"1737936000000",401 South Frio St,,San Antonio,TX,"78207",UNITED STATES OF AMERICA,"0","0","0","0",STATE AGENCY,TCEQ,"0","0","1","0","0",,,"0","0","0","0","0","48029",Bexar
"232753","229","480290059",Calaveras Lake,26.9,29.275387,-98.311694,5,,"1707264000000",TCEQ,GPS_OTHER,,,,,,TCEQ,"1707264000000",14620 Laguna Rd,,San Antonio,TX,"78223",UNITED STATES OF AMERICA,"0","1","1","1",CITY AGENCY,San Antonio Metropolitan Health District,"1","1","1","0","0","59",,"0","0","1","0","0","48029",Bexar
"232754","745","482450101",SETRPC  40  Sabine Pass,25.3,29.72794,-93.894088,5,,"1683849600000",,GPS_OTHER,,"1",OTHER,0.1,OTHER,,"1683849600000",5200 Mechanic,,Sabine Pass,TX,"77655",UNITED STATES OF AMERICA,"0","1","1","0",PRIVATE,AECOM (formerly URS Corp),"1","0","0","0","0","640",,"0","0","0","0","0","48245",Jefferson
"232755","748","482010560",Atascocita,20.7,29.961944,-95.235,5,,"1139184000000",,GPS_OTHER,,"12",OTHER,,UNKNOWN,,"1139184000000",2302 Atascocita Rd,,Houston,TX,"77396",UNITED STATES OF AMERICA,"0","0","0","0",COUNTY AGENCY,Harris County Pollution Control Services,"1","0","0","0","0","560",,"0","0","0","0","0","48201",Harris
"232756","751","483230004",Eagle Pass,19.9,28.704629,-100.451154,5,Other,"1727049600000",TCEQ,GPS_OTHER,,,,,,TCEQ,"1727049600000",265 Foster Maldonado,,Eagle Pass,TX,"78852",UNITED STATES OF AMERICA,"0","1","0","1",INSTITUTION,Eagle Pass ISD,"0","0","0","0","0","319",,"0","0","0","0","0","48323",Maverick
"232757","815","480290502",Fair Oaks Ranch,22.8,29.73,-98.625556,5,,"1143763200000",,,,"189",OTHER,,UNKNOWN,,"1143763200000",7286 Dietz Elkhorn Rd,,Fair Oaks Ranch,TX,"78015",UNITED STATES OF AMERICA,"0","1","0","0",PRIVATE,Weston Solutions,"1","0","0","0","0","502",,"0","0","0","0","0","48029",Bexar
"232758","834","482010554",West Houston,21.3,29.833056,-95.656944,5,,"1146009600000",,GPS_OTHER,,"12",OTHER,,UNKNOWN,,"1146009600000",16719 Clay Road,,Houston,TX,"77084",UNITED STATES OF AMERICA,"0","0","0","0",COUNTY AGENCY,Harris County Pollution Control Services,"1","0","0","0","0","554",,"0","0","0","0","0","48201",Harris
"232759","838","482010558",Tom Bass,21.2,29.589444,-95.353611,33.4,,"1146009600000",,GPS_OTHER,,"12",OTHER,,UNKNOWN,,"1146009600000",15108 Cullen Blvd,,Houston,TX,"77047",UNITED STATES OF AMERICA,"0","0","0","0",COUNTY AGENCY,Harris County Pollution Control Services,"1","0","0","0","0","558",,"0","0","0","0","0","48201",Harris
"232760","847","482010562",Bunker Hill Village,20.5,29.778333,-95.538056,5,,"1139184000000",,GPS_OTHER,,"12",OTHER,,UNKNOWN,,"1139184000000",11977 Memorial Drive,,Houston,TX,"77024",UNITED STATES OF AMERICA,"0","0","0","0",COUNTY AGENCY,Harris County Pollution Control Services,"1","0","0","0","0","562",,"0","0","0","0","0","48201",Harris
"232761","927","482010036",Channelview Drive Water Tower,18.7,29.771721,-95.120806,5,,"1734652800000",TCEQ,GPS_OTHER,,,,,,TCEQ,"1734652800000",15913 Channelview Drive,,Channelview,TX,"77530",UNITED STATES OF AMERICA,"1","1","0","0",STATE AGENCY,TCEQ,"0","0","0","0","0","1036",,"1","0","0","0","0","48201",Harris
"232762","956","480271047",Killeen Skylark Field,15.8,31.088009,-97.679744,5,,"1711324800000",TCEQ,GPS_OTHER,,,,,,TCEQ,"1711324800000",1605 Stone Tree Drive,,Killeen,TX,"76543",UNITED STATES OF AMERICA,"0","1","1","0",STATE AGENCY,TCEQ,"1","0","0","0","0","1047",,"0","0","0","0","0","48027",Bell
"232763","989","483491051",Corsicana Airport,15.8,32.031961,-96.399141,5,,"1723507200000",TCEQ,GPS_OTHER,,,,,,TCEQ,"1723507200000",Corsicana Airport,,Corsicana,TX,"75109",UNITED STATES OF AMERICA,"0","1","1","1",STATE AGENCY,TCEQ,"1","1","0","0","0","1051",,"0","0","1","0","0","48349",Navarro
"232764","1010","481211013",DISH Airfield,15,33.13093,-97.29765,5,,"1265932800000",,GPS_OTHER,,"667",OTHER,0.1,OTHER,,"1265932800000",9800 Clark Airport Road,,Dish,TX,"72647",UNITED STATES OF AMERICA,"1","1","0","0",PRIVATE,AECOM (formerly URS Corp),"0","0","0","0","0","1013",,"1","0","0","0","0","48121",Denton
"232765","1026","482511008",Johnson County Luisa,14.4,32.469676,-97.169287,5,,"1719187200000",,GPS_OTHER,,,,,,,"1719187200000",2420 Luisa Ln,,Alvarado,TX,"76009",UNITED STATES OF AMERICA,"1","1","0","0",CITY AGENCY,City of Fort Worth Environmental Quality,"0","0","0","0","0","1008",,"0","0","0","0","1","48251",Johnson
"232766","1030","484391009",Everman Johnson Park,13.8,32.621136,-97.290353,0.1,Center of Structure/Building,"1309219200000",,GPS_OTHER,,"204",OTHER,0.1,OTHER,,"1309219200000",633 Everman Parkway,,Everman,TX,"76140",UNITED STATES OF AMERICA,"1","1","0","0",PRIVATE,AECOM (formerly URS Corp),"0","0","0","0","0","1009",,"1","0","0","0","0","48439",Tarrant
"232767","1032","482010563",Huffman Wolf Road,14.6,30.05786,-95.06147,5,,"1285632000000",,GPS_OTHER,,"23",,1,OTHER,,"1285632000000",2100 Wolf Road,,Huffman,TX,"77336",UNITED STATES OF AMERICA,"0","0","0","0",COUNTY AGENCY,Harris County Pollution Control Services,"1","0","0","0","0","563",,"0","0","0","0","0","48201",Harris
"232768","1043","484391062",Kennedale Treepoint Drive,12.8,32.658889,-97.200278,0.1,Center of Structure/Building,"1340928000000",TCEQ,GPS_OTHER,,"197",,0.5,OTHER,TCEQ,"1340928000000",,,,,,,"1","1","0","0",PRIVATE,AECOM (formerly URS Corp),"0","0","0","0","0","1062",,"1","0","0","0","0","48439",Tarrant
"232769","1068","480971504",Gainesville Doss Street,11.5,33.63317,-97.153805,0.5,,"1373328000000",,MAP_MAN,,,,,,,"1373328000000",1112 Doss Street,,Gainesville,TX,"76240",UNITED STATES OF AMERICA,"1","1","0","0",PRIVATE,AECOM (formerly URS Corp),"0","0","0","0","0","1504",,"0","0","0","0","1","48097",Cooke
"232770","1076","484851508",Wichita Falls MWSU,11.3,33.849304,-98.506096,0.5,,"1377129600000",,MAP_MAN,,,,,,,"1377129600000",MWSU grounds,,Wichita Falls,TX,"76310",UNITED STATES OF AMERICA,"1","1","0","0",PRIVATE,AECOM (formerly URS Corp),"0","0","0","0","0","1508",,"0","0","0","0","1","48485",Wichita
"232771","1114","480551604",Lockhart,11,29.864917,-97.664936,5,,"1401321600000",,GPS_OTHER,,"163",,,,,"1401321600000",214 Bufkin Lane,,Lockhart,TX,"78644",UNITED STATES OF AMERICA,"0","1","0","0",PRIVATE,Weston Solutions,"1","0","0","0","0","1604",,"0","0","0","0","0","48055",Caldwell
"232772","1234","482331073",Borger FM 1559,8.4,35.676026,-101.440043,5,,"1715731200000",TCEQ,GPS_OTHER,,"945",OTHER,0.1,OTHER,TCEQ,"1715731200000",19440 FM 1559,,Borger,TX,"79007",UNITED STATES OF AMERICA,"0","1","0","0",STATE AGENCY,TCEQ,"0","1","0","0","0","1073",,"0","0","1","0","0","48233",Hutchinson
"232773","1240","482031079",Hallsville Red Oak Road,8.3,32.470232,-94.481593,5,,"1741737600000",TCEQ,GPS_OTHER,,,,,,TCEQ,"1741737600000",9206 Red Oak Road,,Hallsville,TX,"75650",UNITED STATES OF AMERICA,"0","1","0","0",STATE AGENCY,TCEQ,"0","1","0","0","0","1079",,"0","0","1","0","0","48203",Harrison
"232774","1245","481611084",Fairfield FM 2570 Ward Ranch,7.4,31.797821,-96.103106,5,,"1721692800000",TCEQ,GPS_OTHER,,"126",OTHER,0.1,OTHER,TCEQ,"1721692800000",488 FM 2570,,Fairfield,TX,"75840",UNITED STATES OF AMERICA,"0","1","0","0",PRIVATE,Weston Solutions,"0","1","0","0","0","1084",,"0","0","1","0","0","48161",Freestone
"232775","1253","481351092",Odessa Westmark Street,4.5,31.857717,-102.519078,5,,"1721088000000",,GPS_OTHER,,,,,,,"1721088000000",11695 West Westmark Street,,Odessa,TX,"79764",UNITED STATES OF AMERICA,"1","1","0","0",PRIVATE,Weston Solutions,"0","1","0","0","0","1092",,"1","0","1","1","0","48135",Ector
"232776","1254","481351093",Goldsmith Street,4.4,31.985654,-102.615775,5,,"1721174400000",,GPS_OTHER,,,,,,,"1721174400000",520 North Goldsmith Street,,Goldsmith,TX,"79741",UNITED STATES OF AMERICA,"1","1","0","0",PRIVATE,Weston Solutions,"0","1","0","0","0","1093",,"1","0","1","1","0","48135",Ector
"232777","1259","480611098",Brownsville East 6th Street,2,25.900951,-97.507792,5,,"1730764800000",TCEQ,GPS_OTHER,,,,,,TCEQ,"1730764800000",85 East 6th Street,,Brownsville,TX,"78520",UNITED STATES OF AMERICA,"1","1","0","1",UNIVERSITY,University of Texas Rio Grande Valley,"0","0","0","0","0","1098",,"0","0","0","0","1","48061",Cameron
"232778","1276","480291610",Government Canyon,7.6,29.549146,-98.765188,5,Center of Structure/Building,"1503619200000",,GPS_OTHER,,"318",OTHER,0.1,OTHER,,"1503619200000",12861 Galm Rd,,San Antonio,TX,"78254",UNITED STATES OF AMERICA,"0","1","0","0",PRIVATE,Weston Solutions,"1","0","0","0","0","1610",,"0","0","0","0","0","48029",Bexar
"232779","1282","480211612",CAPCOG Bastrop,6.1,30.108222,-97.293741,5,Center of Structure/Building,"1553472000000",,GPS_OTHER,,"525",OTHER,0.1,OTHER,,"1553472000000",25 American Legion Drive,,Bastrop,TX,"78602",UNITED STATES OF AMERICA,"0","1","0","0",PRIVATE,Weston Solutions,"1","0","0","0","0","1612",,"0","0","0","0","0","48021",Bastrop
"232780","1289","480291091",San Antonio Red Hill Lane,4.9,29.214274,-98.451225,5,,"1707177600000",TCEQ,GPS_OTHER,,,,,,TCEQ,"1707177600000",2600 Red Hill Lane,,San Antonio,TX,"78264",UNITED STATES OF AMERICA,"0","1","0","1",STATE AGENCY,TCEQ,"0","0","0","0","0",,,"0","0","0","0","0","48029",Bexar
"232781","1311","484911629",CAPCOG Taylor Murphy Park,2,30.579149,-97.416462,5,Center of Structure/Building,"1678924800000",,GPS_OTHER,,"179",OTHER,0.1,OTHER,,"1678924800000",1213 Davis Street,,Taylor,TX,"76574",UNITED STATES OF AMERICA,"0","1","0","0",PRIVATE,Weston Solutions,"1","0","0","0","0","1629",,"0","0","0","0","0","48491",Williamson
"232782","68","483550026",Corpus Christi Tuloso,41.3,27.832435,-97.55543,5,,"1725840000000",TCEQ,GPS_OTHER,,"12",OTHER,5,OTHER,TCEQ,"1725840000000",9860 La Branch,,Corpus Christi,TX,"78410",UNITED STATES OF AMERICA,"0","1","0","0",STATE AGENCY,TCEQ,"1","1","0","0","0","21",,"0","0","1","0","0","48355",Nueces
"232783","85","482450022",Hamshire,25.2,29.863962,-94.317802,5,,"1722816000000",TCEQ,GPS_OTHER,,,,,,TCEQ,"1722816000000",12552 Second St,,Hamshire,TX,"77622",UNITED STATES OF AMERICA,"0","1","1","1",STATE AGENCY,TCEQ,"1","0","0","0","0","64",,"0","0","0","0","0","48245",Jefferson
"232784","159","481410047",Womble,32,31.775928,-106.413188,5,,"1709596800000",TCEQ,GPS_OTHER,,,,,,TCEQ,"1709596800000",Cleveland Ave at Clark Dr,,El Paso,TX,"79905",UNITED STATES OF AMERICA,"1","1","0","0",STATE AGENCY,TCEQ,"0","0","0","0","0","123",,"0","0","0","0","1","48141",El Paso
"232785","221","480430101",Bravo Big Bend,34.5,29.302566,-103.177901,5,,"1729728000000",,GPS_OTHER,,,,,,,"1729728000000",Big Bend National Park,,Big Bend Nat Park,TX,"79834",UNITED STATES OF AMERICA,"0","1","0","1",FEDERAL,National Park Service,"0","0","0","0","0","316",,"0","0","0","0","0","48043",Brewster
"232786","817","481870504",New Braunfels Airport,22.6,29.704167,-98.028889,5,,"1030665600000",,,,"195",OTHER,,UNKNOWN,,"1030665600000",2090 Airport Rd,,New Braunfels,TX,"78130",UNITED STATES OF AMERICA,"0","1","1","0",PRIVATE,Weston Solutions,"1","0","0","0","0","504",,"0","0","0","0","0","48187",Guadalupe
"232787","827","482010552",Baytown Wetlands Center,21.8,29.733056,-94.984722,5,,"1054425600000",,GPS_OTHER,,"0",OTHER,,UNKNOWN,,"1054425600000",1724 Market Street,,Baytown,TX,"77520",UNITED STATES OF AMERICA,"0","0","0","0",COUNTY AGENCY,Harris County Pollution Control Services,"1","0","0","0","0","552",,"0","0","0","0","0","48201",Harris
"232788","842","480290622",Heritage Middle School,20.7,29.352905,-98.332821,5,,"1368489600000",TCEQ,GPS_OTHER,,"165",OTHER,1,OTHER,TCEQ,"1368489600000",7145 Gardner Road,,San Antonio,TX,"78263",UNITED STATES OF AMERICA,"0","1","0","1",PRIVATE,Dios Dado Environmental,"1","0","1","0","0","622",,"0","0","0","0","0","48029",Bexar
"232789","878","482010671",Goodyear GC,18.9,29.706111,-95.255,5,,"1146700800000",,GPS_OTHER,,"3",OTHER,,UNKNOWN,,"1146700800000",9728 West Road,,Houston,TX,"77017",UNITED STATES OF AMERICA,"1","1","0","0",PRIVATE,TRC Environmental,"0","0","0","0","0","671",,"0","0","0","0","0","48201",Harris
"232790","1025","481211007",Flower Mound Shiloh,14.5,33.045862,-97.130002,0.5,,"1288137600000",TCEQ,GPS_OTHER,,"194",OTHER,1,OTHER,TCEQ,"1288137600000",4401 Shiloh Road,,Flower Mound,TX,"75022",UNITED STATES OF AMERICA,"1","1","0","0",PRIVATE,AECOM (formerly URS Corp),"0","0","0","0","0","1007",,"1","0","0","0","0","48121",Denton
"232791","1046","484391065",Fort Worth Joe B. Rushing Road,11.6,32.672406,-97.291178,5,,"1378684800000",,MAP_MAN,,,,,,,"1378684800000",,,,,,,"1","1","0","0",PRIVATE,AECOM (formerly URS Corp),"0","0","0","0","0","1065",,"1","0","0","0","0","48439",Tarrant
"232792","1049","482011017",Baytown Garth,12.8,29.82719,-94.98829,5,,"1725494400000",TCEQ,GPS_OTHER,,,,,,TCEQ,"1725494400000","4898 Ashbel Cove Drive, Trailer A",,Baytown,TX,"77521",UNITED STATES OF AMERICA,"0","1","0","0",STATE AGENCY,TCEQ,"1","0","0","0","0","1017",,"0","0","0","0","0","48201",Harris
"232793","1050","484391018",Arlington UT Campus,12.6,32.726111,-97.108333,0.5,,"1342051200000",TCEQ,GPS_OTHER,,"177",OTHER,1,OTHER,TCEQ,"1342051200000",1101 S. Pecan St.,,Arlington,TX,"76010",UNITED STATES OF AMERICA,"1","1","0","0",PRIVATE,AECOM (formerly URS Corp),"0","0","0","0","0","1018",,"1","0","0","0","0","48439",Tarrant
"232794","1062","481411021",Ojo De Agua,12,31.862497,-106.547327,5,,"1729555200000",,GPS_OTHER,,,,,,,"1729555200000",6767 Ojo De Agua,,El Paso,TX,"79912",UNITED STATES OF AMERICA,"0","1","0","0",COUNTY AGENCY,City of El Paso Environmental Services Department,"1","1","1","0","0","1021",,"0","1","0","0","0","48141",El Paso
"232795","1064","481131500",Lancaster Cedardale,11.6,32.630011,-96.800599,1,,"1367452800000",,GPS_OTHER,,,,,,,"1367452800000",1930 Cedardale Road,,Lancaster,TX,"75134",UNITED STATES OF AMERICA,"1","1","0","0",PRIVATE,AECOM (formerly URS Corp),"0","0","0","0","0","1500",,"0","0","0","0","1","48113",Dallas
"232796","1073","484931038",Floresville Hospital Boulevard,11.7,29.130677,-98.148076,5,,"1737936000000",TCEQ,GPS_OTHER,,,,,,TCEQ,"1737936000000",1404 Hospital Blvd,,Floresville,TX,"78114",UNITED STATES OF AMERICA,"1","1","1","0",CITY AGENCY,San Antonio Metropolitan Health District,"0","0","0","0","0","1038",,"1","0","0","0","0","48493",Wilson
"232797","1121","482011052",Houston North Loop,10,29.814387,-95.387817,5,Other,"1738713600000",TCEQ,GPS_OTHER,,,,,,TCEQ,"1738713600000",822 North Loop,,Houston,TX,"77022",UNITED STATES OF AMERICA,"0","1","1","1",STATE AGENCY,TCEQ,"0","1","0","0","0","1052",,"0","1","0","0","0","48201",Harris
"232798","1247","480411086",Bryan Finfeather Road,5.1,30.628334,-96.362834,5,,"1728345600000",TCEQ,GPS_OTHER,,,,,,TCEQ,"1728345600000",3670 Finfeather Road,,Bryan,TX,"77843",UNITED STATES OF AMERICA,"0","1","0","1",UNIVERSITY,Texas A&M University,"0","0","0","0","0","1086",,"0","0","0","0","0","48041",Brazos
"232799","1256","483291095",Midland Avalon Drive,3.6,32.034333,-102.182975,5,,"1721088000000",,GPS_OTHER,,,,,,,"1721088000000",5510-U Avalon Drive,,Midland,TX,"79707",UNITED STATES OF AMERICA,"1","1","0","0",STATE AGENCY,TCEQ,"0","1","0","0","0","1095",,"1","0","1","1","0","48329",Midland
"232800","40","484392003",Keller,44.2,32.922489,-97.282103,5,Center of Facility,"1711929600000",TCEQ,GPS_OTHER,,"254",OTHER,5,OTHER,TCEQ,"1711929600000",FAA Site off Alta Vista Road,,Fort Worth,TX,"76244",UNITED STATES OF AMERICA,"1","1","1","0",CITY AGENCY,City of Fort Worth Environmental Quality,"1","0","0","0","0","17",,"0","0","0","0","1","48439",Tarrant
"232801","53","484230007",Tyler Airport Relocated,24.9,32.344019,-95.415752,5,,"1741564800000",TCEQ,GPS_OTHER,,,,,,TCEQ,"1741564800000",14790 County Road 1145,,Tyler,TX,"75704",UNITED STATES OF AMERICA,"0","1","1","0",STATE AGENCY,TCEQ,"1","0","0","0","0","82",,"0","0","0","0","0","48423",Smith
"232802","103","482011050",Seabrook Friendship Park,23.7,29.583062,-95.015548,5,,"1724889600000",TCEQ,GPS_OTHER,,,,,,TCEQ,"1724889600000",4522 Park Rd,,Seabrook,TX,"77586",UNITED STATES OF AMERICA,"0","1","1","1",STATE AGENCY,TCEQ,"1","0","0","0","0","45",,"0","0","0","0","0","48201",Harris
"232803","112","482010807",HRM 7 BAYTOWN,25.4,29.769264,-95.017509,5,Center of Structure/Building,"1603324800000",,GPS_OTHER,,,,,,,"1603324800000",4621-4639 W Baker Rd,,Baytown,TX,"77520",UNITED STATES OF AMERICA,"1","1","0","0",PRIVATE,AECOM (formerly URS Corp),"0","0","0","0","0","607",,"1","0","0","0","0","48201",Harris
"232804","116","482010069",Milby Park,26,29.706255,-95.261129,5,,"1740441600000",,GPS_OTHER,,,,,,,"1740441600000",2201A Central St,,Houston,TX,"77017",UNITED STATES OF AMERICA,"1","1","0","0",STATE AGENCY,TCEQ,"0","0","0","0","0","169",,"1","0","0","0","0","48201",Harris
"232805","121","482010062",Houston Monroe,41.3,29.625667,-95.267058,5,,"1740528000000",,GPS_OTHER,,,,,,,"1740528000000",9726 1/2 Monroe,,Houston,TX,"77075",UNITED STATES OF AMERICA,"0","1","0","0",CITY AGENCY,City of Houston Health Department,"1","0","1","0","0","406",,"0","0","0","0","0","48201",Harris
"232806","130","482010047",Lang,47.3,29.834167,-95.489129,5,Other,"1738540800000",TCEQ,GPS_OTHER,,,,,,TCEQ,"1738540800000",4401 1/2 Lang Rd,,Houston,TX,"77092",UNITED STATES OF AMERICA,"0","0","1","0",CITY AGENCY,City of Houston Health Department,"1","0","1","0","0","408",,"0","0","0","0","0","48201",Harris
"232807","137","482010024",Houston Aldine,51.3,29.90103,-95.326147,5,Other,"1738627200000",TCEQ,GPS_OTHER,,,,,,TCEQ,"1738627200000",4510 1/2 Aldine Mail Rd,,Houston,TX,"77039",UNITED STATES OF AMERICA,"0","1","1","1",STATE AGENCY,TCEQ,"1","0","0","0","0","8",,"0","0","0","0","0","48201",Harris
"232808","155","481410055",Ascarate Park SE,25.6,31.746748,-106.402788,5,Center of Structure/Building,"1743465600000",TCEQ,GPS_OTHER,,,,,,TCEQ,"1743465600000",650 R E Thomason Loop,,El Paso,TX,"79915",UNITED STATES OF AMERICA,"0","1","1","1",STATE AGENCY,TCEQ,"1","0","0","0","0","37",,"0","0","0","0","0","48141",El Paso
"232809","198","481130050",Convention Center,46.3,32.774264,-96.797694,5,,"1678320000000",,GPS_OTHER,,,,,,,"1678320000000",717 South Akard,,Dallas,TX,"75202",UNITED STATES OF AMERICA,"0","1","0","1",CITY AGENCY,City of Dallas Ambient Air Program,"0","0","1","0","0","312",,"0","0","0","0","0","48113",Dallas
"232810","758","481670056",Texas City 34th Street,21.9,29.4057,-94.94712,5,,"1312848000000",,GPS_OTHER,,"0",,,,,"1312848000000",2212 North 34th Street,,Texas City,TX,"77590",UNITED STATES OF AMERICA,"0","1","1","0",PRIVATE,AECOM (formerly URS Corp),"1","0","0","0","0","620",,"0","0","0","0","0","48167",Galveston
"232811","759","482010617",Wallisville Road,21.9,29.821389,-94.99,5,,"1139184000000",,GPS_OTHER,,"12",OTHER,,UNKNOWN,,"1139184000000",4727 Wallisville Road,,Baytown,TX,"77562",UNITED STATES OF AMERICA,"1","1","1","0",PRIVATE,AECOM (formerly URS Corp),"1","0","0","0","0","617",,"1","0","0","0","0","48201",Harris
"232812","818","480910503",Bulverde Elementary,22.6,29.760833,-98.462778,5,,"1030406400000",,,,"335",OTHER,,UNKNOWN,,"1030406400000",1715 E Ammann Road,,Bulverde,TX,"78163",UNITED STATES OF AMERICA,"0","1","1","0",PRIVATE,Weston Solutions,"1","0","0","0","0","503",,"0","0","0","0","0","48091",Comal
"232813","867","480290623",Gardner Rd. Gas Sub-Station,19.8,29.331944,-98.325833,5,,"1119916800000",,,,"158",OTHER,,UNKNOWN,,"1119916800000",9599 Gardner Road,,San Antonio,TX,"78263",UNITED STATES OF AMERICA,"0","0","0","0",PRIVATE,Dios Dado Environmental,"0","0","1","0","0","623",,"0","0","0","0","0","48029",Bexar
"232814","877","482010669",TPC FTIR South,19.2,29.694722,-95.252778,5,,"1136073600000",,,,"7",OTHER,0,NGVD_29,,"1136073600000",8600 Park Place Blvd,,Houston,TX,"77017",UNITED STATES OF AMERICA,"0","1","0","0",PRIVATE,IMACC,"0","0","0","0","0","669",,"0","0","0","0","0","48201",Harris
"232815","1007","481670616",Texas City BP Onsite (Site 2),15.1,29.36886,-94.91544,5,,"1261008000000",,GPS_OTHER,,"0",,0.1,OTHER,,"1261008000000",Texas City Bp Property Onsite,,Texas City,TX,"77590",UNITED STATES OF AMERICA,"1","1","0","0",PRIVATE,AECOM (formerly URS Corp),"0","1","0","0","0","616",,"0","0","1","1","0","48167",Galveston
"232816","1019","480850029",Frisco Stonebrook,14.3,33.13605,-96.824486,5,,"1741046400000",TCEQ,GPS_OTHER,,,,,,TCEQ,"1741046400000",7202 Stonebrook Parkway,,Frisco,TX,"75034",UNITED STATES OF AMERICA,"0","0","0","0",PRIVATE,ALS Environmental (formerly CAS),"0","0","0","1","0",,,"0","0","0","0","0","48085",Collin
"232817","1033","480391012",Freeport South Avenue I,13.9,28.964407,-95.35497,5,,"1694476800000",TCEQ,GPS_OTHER,,,,,,TCEQ,"1694476800000",207 South Avenue I,,Freeport,TX,"77541",UNITED STATES OF AMERICA,"0","1","0","1",STATE AGENCY,TCEQ,"0","1","0","0","0","1012",,"0","0","1","0","0","48039",Brazoria
"232818","1051","482511063",Mansfield Flying L Lane,12.5,32.5418,-97.1175,0.5,,"1348012800000",,GPS_OTHER,,,OTHER,,OTHER,,"1348012800000",1310 Flying L Lane,,Mansfield,TX,"76063",UNITED STATES OF AMERICA,"1","1","0","0",PRIVATE,AECOM (formerly URS Corp),"0","0","0","0","0","1063",,"1","0","0","0","0","48251",Johnson
"232819","1075","483751025",Amarillo 24th Avenue,11.5,35.236746,-101.787396,5,Center of Facility,"1715731200000",TCEQ,GPS_OTHER,,,,,,TCEQ,"1715731200000",4205 NE 24th Avenue,,Amarillo,TX,"79108",UNITED STATES OF AMERICA,"0","1","0","1",UNIVERSITY,Texas A&M University,"0","1","0","0","0","1025",,"0","0","1","0","0","48375",Potter
"232820","1119","482551070",Karnes County,10.3,28.880444,-97.888053,5,,"1738022400000",TCEQ,GPS_OTHER,,,,,,TCEQ,"1738022400000",1100B East Main Avenue,,Karnes City,TX,"78118",UNITED STATES OF AMERICA,"1","1","1","0",CITY AGENCY,San Antonio Metropolitan Health District,"0","1","0","0","0","1070",,"1","0","0","1","0","48255",Karnes
"232821","1120","482151046",Edinburg East Freddy Gonzalez Drive,9.8,26.288492,-98.152059,5,,"1693267200000",,GPS_OTHER,,,,,,,"1693267200000",1491 East Freddy Gonzalez Drive,,Edinburg,TX,"78542",UNITED STATES OF AMERICA,"0","1","0","1",UNIVERSITY,University of Texas Rio Grande Valley,"0","0","0","0","0","1046",,"0","0","0","0","0","48215",Hidalgo
"232822","1239","484491078",Cookville FM 4855,8.3,33.075122,-94.847312,5,,"1741651200000",TCEQ,GPS_OTHER,,,,,,TCEQ,"1741651200000",385 CR 4855,,Cookville,TX,"75558",UNITED STATES OF AMERICA,"0","1","0","0",STATE AGENCY,TCEQ,"0","1","0","0","0","1078",,"0","0","1","0","0","48449",Titus
"232823","1248","480291087",San Antonio Bulverde Parkway,5.4,29.635132,-98.41768,5,Center of Structure/Building,"1724112000000",TCEQ,GPS_OTHER,,"307",OTHER,0.1,OTHER,TCEQ,"1724112000000",3843 Bulverde Parkway,,San Antonio,TX,"78259",UNITED STATES OF AMERICA,"0","1","0","0",STATE AGENCY,TCEQ,"0","0","1","0","0","1087",,"0","0","0","0","0","48029",Bexar
"232824","1272","480391607",Oyster Creek,8.3,29.010556,-95.313333,5,,"1480291200000",,GPS_OTHER,,"0",,0.1,,,"1480291200000",901 County Road 792,,Freeport,TX,"77541",UNITED STATES OF AMERICA,"1","1","1","1",PRIVATE,AECOM (formerly URS Corp),"1","1","1","0","0","1607",,"1","1","1","1","0","48039",Brazoria
"232825","1284","482011614",HRM 16-Deer Park,4.2,29.708487,-95.114118,5,Center of Structure/Building,"1601510400000",,GPS_OTHER,,,,,,,"1601510400000",,,,,,,"1","1","0","0",PRIVATE,AECOM (formerly URS Corp),"0","0","0","0","0","1614",,"1","0","0","0","0","48201",Harris
"232826","9","483611100",SETRPC 42 Mauriceville,26.3,30.194292,-93.867177,38929.2,,"1717632000000",TCEQ,GPS_OTHER,,"6",OTHER,1,OTHER,TCEQ,"1717632000000",Intersection of TX Hwys 62 & 12,,Port Arthur,TX,"77632",UNITED STATES OF AMERICA,"0","1","1","1",PRIVATE,AECOM (formerly URS Corp),"1","0","0","0","0","642",,"0","0","0","0","0","48361",Orange
"232827","46","484390075",Eagle Mountain Lake,24.8,32.987887,-97.477154,5,Center of Facility,"1711929600000",TCEQ,GPS_OTHER,,,,,,TCEQ,"1711929600000",14290 Morris Dido Newark Rd,,Eagle Mountain,TX,"76179",UNITED STATES OF AMERICA,"1","1","1","0",CITY AGENCY,City of Fort Worth Environmental Quality,"1","0","0","0","0","75",,"1","0","0","0","0","48439",Tarrant
"232828","67","483550029",Corpus Christi Hillcrest,30.4,27.807552,-97.419235,5,,"1726012800000",TCEQ,GPS_OTHER,,,,,,TCEQ,"1726012800000",1802 Nueces Bay Blvd (Citgo Refinery Co),,Corpus Christi,TX,"78407",UNITED STATES OF AMERICA,"1","1","0","0",STATE AGENCY,TCEQ,"0","0","0","0","0","195",,"0","0","0","0","1","48355",Nueces
"232829","69","483550025",Corpus Christi West,44.3,27.765337,-97.434275,5,,"1729036800000",TCEQ,GPS_OTHER,,,,,,TCEQ,"1729036800000",902 Airport Road,,Corpus Christi,TX,"78405",UNITED STATES OF AMERICA,"0","1","0","0",STATE AGENCY,TCEQ,"1","1","0","0","0","4",,"0","0","1","0","0","48355",Nueces
"232830","82","482510003",Cleburne Airport,24.9,32.353589,-97.436749,5,,"1719360000000",TCEQ,GPS_OTHER,,,,,,TCEQ,"1719360000000",1650 Airport Drive,,Cleburne,TX,"76033",UNITED STATES OF AMERICA,"0","1","0","0",STATE AGENCY,TCEQ,"1","0","0","0","0","77",,"0","0","0","0","0","48251",Johnson
"232831","97","482150043",Mission,29.8,26.226243,-98.291138,5,,"1731888000000",TCEQ,GPS_OTHER,,,,,,TCEQ,"1731888000000",2300 North Glasscock,,Mission,TX,"78574",UNITED STATES OF AMERICA,"1","1","0","0",UNIVERSITY,University of Texas Rio Grande Valley,"1","0","1","0","0","43",,"0","0","0","0","1","48215",Hidalgo
"232832","151","481410058",Skyline Park,24.7,31.893919,-106.425836,5,,"1709683200000",TCEQ,GPS_OTHER,,,,,,TCEQ,"1709683200000",5050A Yvette Drive,,El Paso,TX,"79924",UNITED STATES OF AMERICA,"0","1","0","0",COUNTY AGENCY,City of El Paso Environmental Services Department,"1","0","0","0","0","72",,"0","0","0","0","0","48141",El Paso
"232833","164","481410038",El Paso Mimosa,44.3,31.735889,-106.377919,5,Center of Structure/Building,"1743465600000",TCEQ,GPS_OTHER,,,,,,TCEQ,"1743465600000",7501 Mimosa Avenue,,El Paso,TX,"79915",UNITED STATES OF AMERICA,"0","0","0","0",COUNTY AGENCY,City of El Paso Environmental Services Department,"0","0","1","0","0",,,"0","0","0","0","0","48141",El Paso
"232834","742","482010307",Manchester East Avenue N,19.9,29.719403,-95.259464,5,,"1699920000000",TCEQ,GPS_OTHER,,,,,,TCEQ,"1699920000000",9415 East Avenue N,,Houston,TX,"77012",UNITED STATES OF AMERICA,"1","1","0","0",STATE AGENCY,TCEQ,"0","0","0","0","0","1029",,"1","0","0","0","0","48201",Harris
"232835","810","482010551",Sheldon,23,29.858611,-95.160278,5,,"1019088000000",,GPS_OTHER,,"40",OTHER,,UNKNOWN,,"1019088000000",15345 Beaumont Hwy,,Houston,TX,"77044",UNITED STATES OF AMERICA,"0","0","0","0",COUNTY AGENCY,Harris County Pollution Control Services,"1","0","0","0","0","551",,"0","0","0","0","0","48201",Harris
"232836","839","482010559",Katy Park,21.1,29.810556,-95.806111,5,,"1146009600000",,GPS_OTHER,,"12",OTHER,,UNKNOWN,,"1146009600000",24927 Morton Road,,Houston,TX,"77493",UNITED STATES OF AMERICA,"0","0","0","0",COUNTY AGENCY,Harris County Pollution Control Services,"1","0","0","0","0","559",,"0","0","0","0","0","48201",Harris
"232837","904","482010416",Park Place,19.1,29.686289,-95.294723,5,,"1740441600000",,GPS_OTHER,,,,,,,"1740441600000",7421 Park Place Blvd,,Houston,TX,"77087",UNITED STATES OF AMERICA,"0","1","1","0",CITY AGENCY,City of Houston Health Department,"1","1","0","0","0","416",,"0","0","1","0","0","48201",Harris
"232838","921","482451035",Nederland 17th Street,18.6,29.979995,-94.004767,5,,"1722902400000",TCEQ,GPS_OTHER,,,,,,TCEQ,"1722902400000",1516 17th Street,,Nederland,TX,"77627",UNITED STATES OF AMERICA,"1","1","1","0",STATE AGENCY,TCEQ,"1","0","0","0","0","1035",,"1","0","0","0","0","48245",Jefferson
"232839","955","484910690",CAPCOG Lake Georgetown,17.6,30.666442,-97.734579,5,,"1224028800000",TCEQ,GPS_OTHER,,"250",,,,TCEQ,"1224028800000",500 Lake Overlook Drive,,Georgetown,TX,"78628",UNITED STATES OF AMERICA,"0","1","0","0",PRIVATE,Weston Solutions,"1","0","0","0","0","690",,"0","0","0","0","0","48491",Williamson
"232840","960","482011049",Pasadena Richey Elementary School,16.8,29.703126,-95.221967,5,,"1740528000000",,GPS_OTHER,,,,,,,"1740528000000",,,,,,,"1","1","0","0",STATE AGENCY,TCEQ,"0","0","0","0","0","1049",,"1","0","0","0","0","48201",Harris
"232841","1005","483550083",Corpus Christi Palm,14.9,27.802895,-97.419882,5,,"1728950400000",TCEQ,GPS_OTHER,,,,,,TCEQ,"1728950400000",1511 Palm Drive,,Corpus Christi,TX,"78407",UNITED STATES OF AMERICA,"1","1","0","0",PRIVATE,Orsat,"0","0","0","0","0","83",,"1","0","0","0","0","48355",Nueces
"232842","1055","480291069",San Antonio Interstate 35,11.3,29.52942,-98.391393,5,,"1730246400000",,GPS_OTHER,,,,,,,"1730246400000",9904 IH 35 N,,San Antonio,TX,"78233",UNITED STATES OF AMERICA,"0","1","1","1",STATE AGENCY,TCEQ,"0","1","0","0","0","1069",,"0","1","0","0","0","48029",Bexar
"232843","1122","484391053",Fort Worth California Parkway North,10.1,32.664756,-97.337897,5,,"1727222400000",,GPS_OTHER,,,,,,,"1727222400000",1198 California Parkway North,,Fort Worth,TX,"76115",UNITED STATES OF AMERICA,"0","1","1","1",STATE AGENCY,TCEQ,"0","1","0","0","0","1053",,"0","1","0","0","0","48439",Tarrant
"232844","1233","482271072",Big Spring Midway,8.4,32.280453,-101.407117,5,,"1721174400000",,GPS_OTHER,,"726",OTHER,0.3,OTHER,,"1721174400000",1218 N. Midway Rd,,Big Spring,TX,"79720",UNITED STATES OF AMERICA,"0","1","0","0",PRIVATE,Weston Solutions,"0","1","0","0","0","1072",,"0","0","1","0","0","48227",Howard
"232845","1237","483951076",Franklin Oak Grove,8.5,31.168955,-96.481994,5,,"1728345600000",TCEQ,GPS_OTHER,,,,,,TCEQ,"1728345600000",8127 Oak Grove Road,,Franklin,TX,"76629",UNITED STATES OF AMERICA,"0","1","0","0",PRIVATE,Weston Solutions,"0","1","0","0","0","1076",,"0","0","1","0","0","48395",Robertson
"232846","1249","480911088",New Braunfels Oak Run Parkway,5.5,29.711223,-98.164242,5,Center of Facility,"1724112000000",TCEQ,GPS_OTHER,,,,,,TCEQ,"1724112000000",,,,,,,"0","1","0","1",STATE AGENCY,TCEQ,"0","0","1","0","0","1088",,"0","0","0","0","0","48091",Comal
"232847","1264","483031028",Lubbock 12th Street,8.7,33.585558,-101.786921,5,,"1715558400000",TCEQ,GPS_OTHER,,"501",OTHER,1,OTHER,TCEQ,"1715558400000",3901 East 12th Street,,Lubbock,TX,"79403",UNITED STATES OF AMERICA,"0","1","0","1",UNIVERSITY,Texas Tech University,"0","0","0","0","0","1028",,"0","0","0","0","0","48303",Lubbock
"232848","1288","482010417",Houston Harvard Street,4.2,29.772857,-95.395937,5,Other,"1738800000000",TCEQ,GPS_OTHER,,,,,,TCEQ,"1738800000000",160 Harvard Street,,Houston,TX,"77007",UNITED STATES OF AMERICA,"0","1","1","0",CITY AGENCY,City of Houston Health Department,"1","0","0","0","0","417",,"0","0","0","0","0","48201",Harris
"232849","5","482730314",National Seashore,22.5,27.422423,-97.300859,5,,"1729123200000",TCEQ,GPS_OTHER,,,,,,TCEQ,"1729123200000",20420 Park Road,,Corpus Christi,TX,"189",UNITED STATES OF AMERICA,"0","1","0","1",STATE AGENCY,TCEQ,"0","0","0","0","0","314",,"0","0","0","0","0","48273",Kleberg
"232850","19","484790016",Laredo College,29.2,27.507962,-99.523999,5,Other,"1727136000000",TCEQ,GPS_OTHER,,,,,,TCEQ,"1727136000000",West End Washington Street,(corner of Taylor and Crawford Roads),Laredo,TX,"78040",UNITED STATES OF AMERICA,"0","1","0","0",STATE AGENCY,TCEQ,"1","1","1","0","0","44",,"0","1","0","0","0","48479",Webb
"232851","61","483670081",Parker County,24.7,32.868789,-97.90593,5,,"1682985600000",,GPS_OTHER,,,,,,,"1682985600000",3033 New Authon Rd,,Weatherford,TX,"76088",UNITED STATES OF AMERICA,"0","1","0","0",CITY AGENCY,City of Fort Worth Environmental Quality,"1","0","0","0","0","76",,"0","0","0","0","0","48367",Parker
"232852","73","483390078",Conroe Relocated,23.5,30.350355,-95.425124,5,,"1728345600000",TCEQ,GPS_OTHER,,,,,,TCEQ,"1728345600000",9472A Hwy 1484,,Conroe,TX,"77303",UNITED STATES OF AMERICA,"0","1","1","1",STATE AGENCY,TCEQ,"1","0","0","0","0","78",,"0","0","0","0","0","48339",Montgomery
"232853","93","482450009",Beaumont Downtown,45.3,30.036445,-94.071092,38929.2,,"1717459200000",,GPS_OTHER,,,,,,,"1717459200000",1086 Vermont Avenue,,Beaumont,TX,"77705",UNITED STATES OF AMERICA,"1","1","1","0",STATE AGENCY,TCEQ,"1","1","0","0","0","2",,"1","0","1","0","1","48245",Jefferson
"232854","109","482011035",Clinton,53.3,29.733737,-95.257605,5,,"1724716800000",,GPS_OTHER,,,,,,,"1724716800000",9525 1/2 Clinton Dr,,Houston,TX,"77029",UNITED STATES OF AMERICA,"1","1","1","1",CITY AGENCY,City of Houston Health Department,"1","1","1","0","0","55",,"1","1","1","0","0","48201",Harris
"232855","125","482010058",Baytown,27,29.770689,-95.031226,5,Other,"1706486400000",TCEQ,GPS_OTHER,,,,,,TCEQ,"1706486400000",7210 1/2 Bayway Drive,,Baytown,TX,"77520",UNITED STATES OF AMERICA,"0","1","0","1",STATE AGENCY,TCEQ,"0","0","0","0","0","148",,"0","0","0","0","0","48201",Harris
"232873","1053","481131067",Dallas LBJ Freeway,11,32.92116,-96.753526,5,Other,"1723507200000",TCEQ,GPS_OTHER,,,,,,TCEQ,"1723507200000",8652 LBJ Freeway,,Dallas,TX,"75243",UNITED STATES OF AMERICA,"0","1","1","0",STATE AGENCY,TCEQ,"0","0","0","0","0","1067",,"0","0","0","0","0","48113",Dallas
"232874","1056","480611023",Harlingen Teege,12.5,26.200348,-97.712699,5,,"1731888000000",TCEQ,GPS_OTHER,,,,,,TCEQ,"1731888000000",1602 W Teege Avenue,,Harlingen,TX,"78550",UNITED STATES OF AMERICA,"0","1","0","0",UNIVERSITY,University of Texas Rio Grande Valley,"1","0","0","0","0","1023",,"0","0","0","0","0","48061",Cameron
"232875","1242","483491081",Richland Southeast 1220 Road,8.4,31.904101,-96.351873,5,,"1728518400000",TCEQ,GPS_OTHER,,,,,,TCEQ,"1728518400000",Southeast 1220 Road,,Richland,TX,"76681",UNITED STATES OF AMERICA,"0","1","0","0",STATE AGENCY,TCEQ,"0","1","0","0","0","1081",,"0","0","1","0","0","48349",Navarro
"232876","1291","484911620",CAPCOG Round Rock Brushy Creek West,4.1,30.513854,-97.666703,209,Center of Structure/Building,"1614556800000",,GPS_OTHER,,"209",OTHER,0.1,OTHER,,"1614556800000",1116 E. Austin Avenue,,Round Rock,TX,"78664",UNITED STATES OF AMERICA,"0","1","0","0",PRIVATE,Weston Solutions,"1","0","0","0","0","1620",,"0","0","0","0","0","48491",Williamson
